carrier_name,average_delay_days,delay_rate_percent,average_weight,average_volume,total_shipments,anomaly_score,anomaly_flag
BlueDart,4.919047619047619,67.14285714285714,2450.7961904761905,24.671190476190475,210,-1,Anomalous
DHL,2.99468085106383,52.12765957446809,2546.7915957446808,25.815957446808508,188,1,Normal
FedEx,3.3060344827586206,55.172413793103445,2598.5875,25.202758620689654,232,1,Normal
Maersk,3.859375,58.333333333333336,2420.6728125,26.54671875,192,1,Normal
UPS,3.258426966292135,50.56179775280899,2428.5015168539326,25.48876404494382,178,1,Normal
